vlen,L1d_TotAvgMissLat,label
128,34282.043306,RVV
256,25753.508362,RVV
512,43727.798496,RVV
1024,64318.78493,RVV
128,37278.656885,RV
256,25988.460901,RV
512,42707.073859,RV
1024,64191.251033,RV
