dimension,SimSecond,label
256,0.188028,RVV
512,0.235015,RVV
1024,0.423509,RVV
2048,0.817022,RVV
3072,1.182808,RVV
4096,1.650825,RVV
256,0.179995,RV
512,0.233624,RV
1024,0.421702,RV
2048,0.814725,RV
3072,1.179318,RV
4096,1.647742,RV
