vlen,L1d_TotAvgMissLat,label
128,44495.541287,RVV
256,28064.773946,RVV
512,47649.816393,RVV
1024,79064.205435,RVV
128,56369.416149,RV
256,28724.73258,RV
512,46542.52385,RV
1024,78995.379706,RV
